,,,,,,,,,첫날,,,,,,
순위,영화명,개봉일,총 매출액,매출액 점유율, 총 관객수,총 스크린수,총 상영횟수,,첫날 관객수,첫날 매출액,첫날 스크린수,첫날 상영횟수,,마지막 상영날짜 (상영종료일),총 상영 일수 (Days)
1,주토피아 2,2025-11-26,"74,124,615,600",7.1%,"7,705,705","2,383","225,616",,309168,2512128050,2084,8027,,2026-02-09,75
2,극장판 귀멸의 칼날: 무한성편,2025-08-22,"61,320,501,650",5.9%,"5,691,838","2,298","205,026",,517922,6104066140,2298,8510,,2025-11-05,75
3,좀비딸,2025-07-30,"53,134,924,990",5.1%,"5,639,963","1,598","188,861",,430087,3692488880,1557,6668,,2025-10-13,75
4,F1 더 무비,2025-06-25,"54,936,886,370",5.2%,"5,214,567","1,665","195,973",,82917,789270870,1665,5279,,2025-09-08,75
5,아바타: 불과 재,2025-12-17,"52,409,899,290",5.0%,"4,569,538","2,582","102,298",,265031,2950290960,2582,8143,,2026-02-11,56
6,극장판 체인소 맨: 레제편,2025-09-24,"36,069,079,810",3.4%,"3,431,785","1,064","164,638",,108722,917580340,2557,829,,2025-11-19,56
7,미션 임파서블: 파이널 레코닝,2025-05-17,"33,259,841,900",3.2%,"3,392,542","2,385","150,433",,423889,4292416710,2385,8835,,2025-07-12,56
8,야당,2025-04-16,"32,004,168,430",3.1%,"3,378,276","1,850","184,070",,104548,958487840,1683,6786,,2025-06-11,56
9,미키 17,2025-02-28,"29,709,170,100",2.8%,"3,013,854","2,153","158,030",,254393,2547448920,2151,8758,,2025-04-25,56
10,어쩔수가없다,2025-09-24,"28,769,135,430",2.7%,"2,942,778","2,114","126,888",,354648,2916047760,2114,7378,,2025-11-05,42
11,히트맨2,2025-01-22,"23,984,663,200",2.3%,"2,547,598","1,588","118,863",,100621,946506740,1375,5598,,2025-03-05,42
12,보스,2025-10-03,"23,392,525,050",2.2%,"2,437,494","1,296","97,534",,244156,2344094190,1163,5416,,2025-11-14,42
13,쥬라기 월드: 새로운 시작,2025-07-02,"21,213,614,760",2.0%,"2,225,181","1,645","87,873",,151106,1438103560,1565,5814,,2025-08-13,42
,,,,,,,,,,,,,,,
15,승부,2025-03-26,"20,044,959,660",1.9%,"2,146,672","1,773","148,929",,91471,748720480,1638,6650,,2025-05-07,42
16,하이파이브,2025-05-30,"17,545,923,020",1.7%,"1,893,663","1,343","101,532",,85265,792267300,1091,3839,,2025-07-11,42
17,드래곤 길들이기,2025-06-06,"17,971,760,490",1.7%,"1,792,590","1,650","93,146",,226291,2285852730,1650,6706,,2025-07-18,42
18,노이즈,2025-06-25,"16,758,897,410",1.6%,"1,707,629","1,001","72,287",,30311,253817520,688,1464,,2025-08-06,42
19,검은 수녀들,2025-01-24,"16,134,349,980",1.5%,"1,670,559","1,662","84,463",,181384,1721043820,1662,7298,,2025-03-07,42
20,캡틴 아메리카: 브레이브 뉴 월드,2025-02-12,"16,372,717,086",1.6%,"1,654,160","1,901","119,989",,123237,1235188390,1766,7937,,2025-03-26,42
21,나우 유 씨 미 3,2025-11-12,"12,981,489,790",1.2%,"1,371,650","1,352","75,802",,82300,762366540,1261,5132,,2025-12-24,42
22,A MINECRAFT MOVIE 마인크래프트 무비,2025-04-26,"12,742,955,670",1.2%,"1,358,466","1,450","55,873",,185890,1767137970,1420,7097,,2025-06-07,42
23,킹 오브 킹스,2025-07-16,"12,427,413,626",1.2%,"1,317,978","1,191","52,334",,37732,345561430,850,2076,,2025-08-27,42
24,얼굴,2025-09-11,"11,012,986,870",1.1%,"1,076,611","1,114","62,686",,35018,343731750,940,3368,,2025-10-23,42
25,전지적 독자 시점,2025-07-23,"10,055,229,360",1.0%,"1,061,261","1,581","52,084",,122476,1135914640,1581,6708,,2025-09-03,42
26,위키드: 포 굿,2025-11-19,"9,857,329,790",0.9%,"965,959","1,700","61,109",,108146,1103970760,1699,5740,,2025-12-17,35
27,극장판 진격의 거인 완결편 더 라스트 어택,2025-03-13,"9,781,360,870",0.9%,"950,264",424,"41,584",,37674,353632960,335,904,,2025-04-10,35
28,썬더볼츠＊,2025-04-30,"9,282,314,460",0.9%,"922,453","1,274","57,252",,100175,894146610,1274,4649,,2025-05-28,35
29,슈퍼맨,2025-07-09,"8,737,926,810",0.8%,"864,362","1,286","44,213",,92940,935617870,1286,4712,,2025-08-06,35
30,말할 수 없는 비밀,2025-01-27,"7,859,549,300",0.8%,"824,156",986,"64,166",,50389,471462340,864,3246,,2025-02-24,35
31,신명,2025-06-02,"7,496,376,280",0.7%,"788,239",785,"39,923",,60139,566231430,536,1296,,2025-06-30,35
32,거룩한 밤: 데몬 헌터스,2025-04-30,"7,205,989,400",0.7%,"777,649","1,097","39,931",,117030,932613300,932,3765,,2025-05-28,35
33,명탐정 코난: 척안의 잔상,2025-07-16,"7,396,594,740",0.7%,"750,001",901,"38,401",,71522,690420390,901,3112,,2025-08-13,35
34,퍼스트 라이드,2025-10-29,"6,844,374,490",0.7%,"742,535","1,227","59,343",,82690,633628240,1227,4530,,2025-11-26,35
35,엘리오,2025-06-18,"5,629,505,750",0.5%,"616,437","1,110","37,845",,"26,101","237,555,860",956,"	3,227",,2025-07-16,35
36,판타스틱 4: 새로운 출발,2025-07-24,"6,387,300,290",0.6%,"590,759","1,027","32,667",,"72,687","724,521,830","1,027","3,964",,2025-08-21,35
37,파과,2025-04-30,"5,265,831,000",0.5%,"550,911",886,"36,772",,"33,388","	262,450,200",641,"1,872",,2025-05-28,35
38,윗집 사람들,2025-12-03,"5,282,534,800",0.5%,"546,429",768,"32,569",,"9,080","96,448,440",752,"1,765",,2025-12-31,35
39,소방관,2024-12-04,"5,154,168,880",0.5%,"541,882",884,"43,483",,"10,877","98,923,000",983,"3,335",,2025-01-01,35
40,원 배틀 애프터 어나더,2025-10-01,"5,662,788,810",0.5%,"533,554",657,"27,749",,"21,492","226,745,070",601,"1,195",,2025-10-29,35
41,퇴마록,2025-02-21,"4,764,727,100",0.5%,"502,628",935,"48,459",,"26,501","258,745,320",773,"2,573",,2025-03-21,35
42,"오늘 밤, 세계에서 이 사랑이 사라진다 해도",2025-12-24,"4,681,497,750",0.4%,"489,018",868,"15,093",,"63,918","613,642,160",755,"1,855",,2026-01-21,28
43,릴로 & 스티치,2025-05-21,"4,575,367,310",0.4%,"485,327","1,034","29,803",,"18,329","172,679,150",765,"2,070",,2025-06-18,28
44,8번 출구,2025-10-22,"4,402,559,930",0.4%,"450,198",781,"38,786",,"31,965","256,188,210",749,"2,639",,2025-11-19,28
45,악마가 이사왔다,2025-08-13,"4,137,162,810",0.4%,"437,768",974,"32,686",,"48,534","448,363,600",974,"3,754",,2025-09-10,28
46,프레데터: 죽음의 땅,2025-11-05,"4,276,561,360",0.4%,"422,481",953,"41,241",,"34,746","	342,976,290",952,"3,456",,2025-12-03,28
47,컨저링: 마지막 의식,2025-09-03,"4,436,601,090",0.4%,"420,992",917,"27,172",,"39,581","	397,341,310","	843","2,219",,2025-10-01,28
48,서브스턴스,2024-12-11,"3,960,157,440",0.4%,"405,591",344,"24,145",,"9,911","90,976,760",372,549,,2025-01-08,28
49,배드 가이즈 2,2025-07-30,"3,608,720,190",0.3%,"400,013",769,"19,131",,"41,505","353,484,000",618,"1,080",,2025-08-27,28
50,뽀로로 극장판 바닷속 대모험,2025-01-01,"3,372,930,820",0.3%,"397,114",791,"25,721",,"58,882",,731,"1,348",,2025-01-29,28
51,살인자 리포트,2025-09-05,"3,656,329,360",0.3%,"366,298",841,"30,094",,"36,081","347,284,730",749,"2,647",,2025-10-03,28
52,28년 후,2025-06-19,"3,250,361,960",0.3%,"362,321",939,"27,629",,"56,675","506,760,060",910,"3,363",,2025-07-17,28
53,극장판 주술회전: 시부야사변 X 사멸회유,2025-12-03,"3,648,280,490",0.3%,"359,634",756,"22,844",,"52,366","528,175,730",733,1970,,2025-12-31,28
54,수퍼 소닉3,2025-01-01,"3,132,701,470",0.3%,"343,210",882,"24,179",,"75,916","705,207,940",766,1530,,2025-01-29,28
55,콘클라베,2025-03-05,"3,194,209,300",0.3%,"334,923",630,"29,219",,"10,796","94,182,880",566,1081,,2025-04-02,28
56,극장판 짱구는 못말려: 초화려! 작열하는 떡잎마을 댄서즈,2025-12-24,"3,114,817,400",0.3%,"327,390",751,"12,367",,"39,535","372,193,470",747,1652,,2026-01-21,28
57,발레리나,2025-08-06,"3,216,635,670",0.3%,"323,108",757,"21,531",,"43,395","404,159,440",670,2066,,2025-09-03,28
,,,,,,,,,,,,,,,
59,소주전쟁,2025-05-30,"2,641,291,950",0.3%,"283,787","1,040","27,191",,"46,590","464,846,780",1029,3918,,2025-06-27,28
60,브레드이발소: 베이커리타운의 악당들,2025-09-27,"2,494,627,600",0.2%,"282,480",387,"11,594",,"26,349","240,694,800",368,725,,2025-10-25,28
61,긴키 지방의 어느 장소에 대하여,2025-08-13,"2,787,112,910",0.3%,"272,653",438,"12,697",,"14,146","138,286,800",344,553,,2025-09-10,28
62,로비,2025-04-02,"2,469,547,340",0.2%,"262,377","1,013","33,018",,"37,163","337,526,720",1013,3644,,2025-04-30,28
,,,,,,,,,,,,,,,
64,극장판 주술회전: 회옥·옥절,2025-10-16,"2,350,997,670",0.2%,"236,371",742,"21,800",,"32,333","315,389,280",694,2206,,2025-11-13,28
65,프레디의 피자가게 2,2025-12-03,"2,289,789,610",0.2%,"233,039",571,"13,320",,"13,096","126,838,010",571,1288,,2025-12-31,28
66,베베핀 극장판: 사라진 베베핀과 핑크퐁 대모험,2025-07-24,"2,094,101,630",0.2%,"228,665",577,"11,271",,"7,890","59,456,200",423,503,,2025-08-21,28
67,연의 편지,2025-10-01,"2,121,006,890",0.2%,"226,952",597,"14,833",,"16,340","150,122,400",595,1478,,2025-10-29,28
,,,,,,,,,,,,,,,
69,뽀로로 극장판 스위트캐슬 대모험,2025-12-11,"1,892,881,630",0.2%,"216,003",660,"11,063",,"6,510","49,708,500",439,631,,2026-01-08,28
,,,,,,,,,,,,,,,
71,브로큰,2025-02-05,"1,831,874,700",0.2%,"197,949",818,"21,420",,"42,561","376,594,860",805,3267,,2025-03-05,28
,,,,,,,,,,,,,,,
73,국보,2025-11-19,"1,832,743,070",0.2%,"193,597",521,"12,654",,9569,"86,754,260",484,802,,2025-12-17,28
74,스머프,2025-08-06,"1,701,796,430",0.2%,"193,014",639,"11,661",,15505,"131,766,240",587,948,,2025-09-03,28
,,,,,,,,,,,,,,,
76,백설공주,2025-03-19,"1,786,010,770",0.2%,"190,530","1,043","23,664",,"23,047","214,310,600",1043,3335,,2025-04-16,28
77,세계의 주인,2025-10-22,"1,830,046,400",0.2%,"189,721",358,"13,692",,"4,241","31,599,250",358,501,,2025-11-19,28
78,플로우,2025-03-19,"1,728,535,050",0.2%,"181,190",693,"17,087",,"8,127","74,713,400",565,890,,2025-04-16,28
79,극장판 포켓몬스터 AG: 뮤와 파동의 용사 루카리오,2025-01-22,"1,598,686,180",0.2%,"180,957",667,"15,951",,"12,329","105,625,380",575,1383,,2025-02-19,28
,,,,,,,,,,,,,,,
81,트론: 아레스,2025-10-08,"1,910,733,020",0.2%,"173,351",779,"13,748",,"55,680","609,043,210",779,2174,,2025-11-05,28
82,동화지만 청불입니다,2025-01-08,"1,564,238,340",0.1%,"168,500",668,"20,346",,"20,410","178,183,680",645,2121,,2025-02-05,28
83,정보원,2025-12-03,"1,533,365,100",0.1%,"167,700",766,"13,635",,"20,726","181,033,500",766,1567,,2025-12-31,28
84,"그 시절, 우리가 좋아했던 소녀",2025-02-21,"1,471,023,000",0.1%,"164,922",709,"18,123",,"23,304","199,290,800",660,2341,,2025-03-21,28
,,,,,,,,,,,,,,,
86,첫사랑 엔딩,2025-08-27,"1,342,856,760",0.1%,"138,470",494,"9,296",,"15,615","125,520,740",489,717,,2025-09-24,28
,,,,,,,,,,,,,,,
88,해피엔드,2025-04-30,"1,315,902,000",0.1%,"133,804",180,"8,110",,"5,935","46,554,700",103,431,,2025-05-28,28
89,만약에 우리,2025-12-31,"1,108,163,360",0.1%,"129,136",961,"2,857",,"110,325","911,688,760",961,"2,734",,2026-01-28,28
90,패딩턴: 페루에 가다!,2025-02-19,"1,096,777,900",0.1%,"126,219",228,"9,436",,"7,501","57,009,900",146,563,,2025-03-19,28
91,괜찮아 괜찮아 괜찮아!,2025-02-26,"1,042,905,140",0.1%,"118,245",588,"12,692",,"13,737","106,792,680",581,1427,,2025-03-26,28
,,,,,,,,,,,,,,,
93,개비의 매직하우스 극장판,2025-10-03,"1,040,281,110",0.1%,"111,688",434,"5,716",,"18,734","176,089,090",409,527,,2025-10-31,28
94,극장판 도라에몽: 진구의 그림이야기,2025-07-16,"961,499,100",0.1%,"109,112",204,"6,687",,"5,058","36,266,400",143,413,,2025-08-13,28
95,괴기열차,2025-07-09,"983,800,450",0.1%,"105,990",578,"7,723",,"12,919","117,124,060",573,1085,,2025-08-06,28
96,스트리밍,2025-03-21,"1,010,579,120",0.1%,"104,505",819,"14,876",,"31,524","307,271,400",819,2856,,2025-04-18,28
97,홈캠,2025-09-10,"937,376,100",0.1%,"100,007",280,"8,108",,"13,306","108,178,400",260,894,,2025-10-08,28
98,아마추어,2025-04-09,"905,461,350",0.1%,"96,448",728,"15,445",,"15,899","142,061,840",728,2032,,2025-04-23,14
99,브루탈리스트,2025-02-12,"958,202,020",0.1%,"95,785",302,"7,166",,"4,952","46,524,000",302,471,,2025-02-26,14
100,프랑켄슈타인 : 더 뮤지컬 라이브,2025-09-18,"2,303,799,100",0.2%,"93,574",176,"5,931",,"4,789","118,633,100",19,82,,2025-10-02,14
101,고독한 미식가 더 무비,2025-03-19,"861,605,300",0.1%,"93,319",662,"12,720",,"10,235","90,416,840",575,1083,,2025-04-02,14
,,,,,,,,,,,,,,,
103,명탐정 코난: 17년 전의 진상,2025-09-19,"936,247,600",0.1%,"89,624",271,"6,053",,16193,"179,174,300",245,752,,2025-10-03,14
104,극장판 프로젝트 세카이 부서진 세카이와 전해지지 않는 미쿠의 노래,2025-05-29,"836,408,210",0.1%,"88,401",167,"5,379",,"7,510","68,246,300",158,364,,2025-06-12,14
105,침범,2025-03-12,"785,368,200",0.1%,"87,371",540,"10,826",,"10,513","91,213,600",527,1424,,2025-03-26,14
106,위플래쉬,2015-03-12,"872,147,560",0.1%,"86,095",503,"8,651",,"10,212","96,625,980",485,847,,2015-03-26,14
107,웨폰,2025-10-15,"823,809,070",0.1%,"82,265",568,"9,479",,"12,011","113,428,620",524,1283,,2025-10-29,14
108,건국전쟁2,2025-09-10,"821,618,410",0.1%,"82,173",379,"6,284",,"3,405","32,634,900",379,693,,2025-09-24,14
109,파이널 데스티네이션 블러드라인,2025-05-14,"804,055,650",0.1%,"80,031",515,"10,042",,"8,431","80,363,200",509,1483,,2025-05-28,14
110,명탐정 코난: 14번째 표적,2025-02-14,"744,149,040",0.1%,"79,182",587,"9,313",,"15,480","144,339,960",557,1239,,2025-02-28,14
111,씨너스: 죄인들,2025-05-28,"896,734,540",0.1%,"78,957",610,"7,157",,"10,479","95,263,860",610,1302,,2025-06-11,14
112,아이유 콘서트 : 더 위닝,2025-01-24,"2,076,626,500",0.2%,"75,872",118,"4,741",,"12,500","346,528,000",99,331,,2025-02-07,14
113,바이러스,2025-05-07,"662,836,960",0.1%,"74,307",663,"10,965",,"11,453","99,303,100",1647,555,,2025-05-21,14
114,부고니아,2025-11-05,"735,596,900",0.1%,"73,365",527,"9,136",,"9,092","85,688,870",518,1143,,2025-11-19,14
115,힘내라 대한민국,2025-02-27,"669,149,760",0.1%,"73,093",173,"4,250",,"4,099","38,710,660",93,186,,2025-03-13,14
116,강령: 귀신놀이,2025-08-06,"706,209,800",0.1%,"72,305",224,"4,664",,"9,159","86,031,200",542,829,,2025-08-20,14
117,나쁜계집애: 달려라 하니,2025-10-07,"643,718,230",0.1%,"71,075",487,"5,531",,"14,612","123,515,000",487,755,,2025-10-21,14
118,무명 無名,2025-06-25,"664,737,500",0.1%,"70,289",184,"3,860",,213,"32,000,700",161,3813,,2025-07-09,14
119,귀시,2025-09-17,"684,153,410",0.1%,"68,623",621,"8,483",,"9,968","97,715,600",618,1430,,2025-10-01,14
120,브링 허 백,2025-06-06,"559,984,600",0.1%,"66,911",246,"6,067",,"14,950","120,300,700",246,634,,2025-06-20,14
121,압수수색: 내란의 시작,2025-04-23,"618,472,100",0.1%,"64,680",278,"4,361",,"5,455","48,663,900",459,234,,2025-05-07,14
122,시크릿쥬쥬 마법의 하모니,2025-05-01,"585,282,160",0.1%,"64,611",575,"5,827",,"12,059","102,874,560",543,831,,2025-05-15,14
123,머티리얼리스트,2025-08-08,"591,365,500",0.1%,"63,778",172,"5,612",,"7,585","63,903,550",520,166,,2025-08-22,14
124,고고다이노 극장판: 게코도마뱀의 꿈,2025-07-30,"584,539,200",0.1%,"63,611",209,"3,904",,"5,790","52,796,700",165,202,,2025-08-13,14
,,,,,,,,,,,,,,,
,,,,,,,,,,,,,,,
127,독립군: 끝나지 않은 전쟁,2025-08-13,"554,511,420",0.1%,"60,254",177,"3,444",,"17,097","128,823,800",331,945,,2025-08-27,14
128,노바디2,2025-08-27,"532,150,200",0.1%,"59,534",335,"6,914",,"11,096","90,135,160",455,917,,2025-09-10,14
129,꼬마마법사 주니토니,2025-07-26,"511,399,400",0.0%,"58,709",170,"3,073",,"5,949","54,235,600",170,260,,2025-08-09,14
130,귀신경찰,2025-01-24,"506,545,800",0.0%,"58,661",378,"5,020",,"6,049","51,374,060",378,784,,2025-02-07,14
131,나혼자 프린스,2025-11-19,"509,074,310",0.0%,"56,126",536,"8,599",,"6,090","51,809,500",535,"1,099",,2025-12-03,14
132,영화 이상한 과자 가게 전천당,2025-02-19,"472,242,300",0.0%,"55,862",246,"4,533",,"3,941","29,687,200",198,392,,2025-03-05,14
133,라스트 마일,2025-03-26,"444,015,120",0.0%,"53,013",166,"5,626",,"4,031","31,243,200",148,362,,2025-04-09,14
134,첫 번째 키스,2025-02-26,"418,075,160",0.0%,"52,646",184,"5,766",,"6,199","44,466,100",184,525,,2025-03-12,14
135,이찬원 콘서트 찬가: 디어 마이 찬스,2025-02-26,"1,283,263,500",0.1%,"51,570",82,"1,579",,"12,708","317,663,500",82,184,,2025-03-12,14
136,바다 탐험대 옥토넛 어보브 앤 비욘드 : 극지방 대작전,2025-01-27,"463,613,700",0.0%,"51,308",208,"4,469",,"7,030","67,181,900",190,374,,2025-02-10,14
137,여행과 나날,2025-12-10,"480,534,911",0.0%,"50,586",154,"2,283",,"3,786","34,455,600",136,163,,2025-12-24,14
138,투게더,2025-09-03,"416,224,000",0.0%,"50,176",251,"5,467",,"7,925","56,333,900",251,646,,2025-09-17,14
,,,,,,,,,,,,,,,
140,엘리: 몬스터 패밀리,2025-02-14,"412,149,440",0.0%,"49,325",345,"3,880",,"4,324","32,788,600",273,310,,2025-02-28,14
141,식스데이즈,2025-08-13,"1,027,874,000",0.1%,"46,901",117,"2,983",,"15,344","337,568,000",110,275,,2025-08-27,14
142,꼬마 판다 팡의 아프리카 대모험,2025-01-22,"359,593,000",0.0%,"44,972",198,"3,403",,"1,729","12,133,400",159,246,,2025-02-05,14
143,백수아파트,2025-02-26,"375,946,960",0.0%,"43,369",456,"5,762",,"6,130","47,536,800",456,922,,2025-03-12,14
144,브리짓 존스의 일기: 뉴 챕터,2025-04-16,"393,789,120",0.0%,"43,012",495,"7,916",,"3,169","28,605,300",495,"1,010",,2025-04-30,14
145,킹 오브 프리즘 -유어 엔드리스 콜- 모두 빛나라! 프리즘 투어즈,2025-07-18,"402,843,110",0.0%,"42,989",46,"2,044",,"1,859","17,342,550",46,65,,2025-08-01,14
,,,,,,,,,,,,,,,
147,그저 사고였을 뿐,2025-10-01,"411,700,310",0.0%,"42,719",102,"2,377",,2.061,"20,154,700",102,112,,2025-10-15,14
148,기동전사 건담 지쿠악스 비기닝,2025-04-02,"433,495,970",0.0%,"42,588",175,"5,334",,"3,325","33,936,300",174,427,,2025-04-16,14
149,페라리,2025-01-08,"407,348,520",0.0%,"42,298",562,"7,420",,"10,489","94,027,400",562,1313,,2025-01-22,14
150,사람과 고기,2025-10-07,"353,333,680",0.0%,"41,452",91,"2,816",,"1,092","9,430,000",57,68,,2025-10-21,14
,,,,,,,,,,,,,,,
,,,,,,,,,,,,,,,
,,,,,,,,,,,,,,,
,,,,,,,,,,,,,,,
,,,,,,,,,,,,,,,
,,,,,,,,,,,,,,,
,,,,,,,,,,,,,,,
,,,,,,,,,,,,,,,
,,,,,,,,,,,,,,,
,,,,,,,,,,,,,,,
,,,,,,,,,,,,,,,
,,,,,,,,,,,,,,,
,,,,,,,,,,,,,,,
,,,,,,,,,,,,,,,
,,,,,,,,,,,,,,,
,,,,,,,,,,,,,,,
,,,,,,,,,,,,,,,
,,,,,,,,,,,,,,,
,,,,,,,,,,,,,,,
,,,,,,,,,,,,,,,
,,,,,,,,,,,,,,,
,,,,,,,,,,,,,,,
,,,,,,,,,,,,,,,
,,,,,,,,,,,,,,,
,,,,,,,,,,,,,,,
,,,,,,,,,,,,,,,
,,,,,,,,,,,,,,,
,,,,,,,,,,,,,,,
,,,,,,,,,,,,,,,
,,,,,,,,,,,,,,,
,,,,,,,,,,,,,,,
,,,,,,,,,,,,,,,
,,,,,,,,,,,,,,,
,,,,,,,,,,,,,,,
,,,,,,,,,,,,,,,
,,,,,,,,,,,,,,,
,,,,,,,,,,,,,,,
,,,,,,,,,,,,,,,
,,,,,,,,,,,,,,,
,,,,,,,,,,,,,,,
,,,,,,,,,,,,,,,
,,,,,,,,,,,,,,,
,,,,,,,,,,,,,,,
,,,,,,,,,,,,,,,
,,,,,,,,,,,,,,,
,,,,,,,,,,,,,,,
,,,,,,,,,,,,,,,
,,,,,,,,,,,,,,,
,,,,,,,,,,,,,,,
,,,,,,,,,,,,,,,
,,,,,,,,,,,,,,,
,,,,,,,,,,,,,,,
,,,,,,,,,,,,,,,
,,,,,,,,,,,,,,,
,,,,,,,,,,,,,,,
,,,,,,,,,,,,,,,
,,,,,,,,,,,,,,,
,,,,,,,,,,,,,,,
,,,,,,,,,,,,,,,
,,,,,,,,,,,,,,,
,,,,,,,,,,,,,,,
,,,,,,,,,,,,,,,
,,,,,,,,,,,,,,,
,,,,,,,,,,,,,,,
,,,,,,,,,,,,,,,
,,,,,,,,,,,,,,,
,,,,,,,,,,,,,,,
,,,,,,,,,,,,,,,
,,,,,,,,,,,,,,,
,,,,,,,,,,,,,,,
,,,,,,,,,,,,,,,
,,,,,,,,,,,,,,,
,,,,,,,,,,,,,,,
,,,,,,,,,,,,,,,
,,,,,,,,,,,,,,,
,,,,,,,,,,,,,,,
,,,,,,,,,,,,,,,
,,,,,,,,,,,,,,,
,,,,,,,,,,,,,,,
,,,,,,,,,,,,,,,
,,,,,,,,,,,,,,,
,,,,,,,,,,,,,,,
,,,,,,,,,,,,,,,
,,,,,,,,,,,,,,,
,,,,,,,,,,,,,,,
,,,,,,,,,,,,,,,
,,,,,,,,,,,,,,,
,,,,,,,,,,,,,,,
,,,,,,,,,,,,,,,
,,,,,,,,,,,,,,,
,,,,,,,,,,,,,,,
,,,,,,,,,,,,,,,
,,,,,,,,,,,,,,,
,,,,,,,,,,,,,,,
,,,,,,,,,,,,,,,
,,,,,,,,,,,,,,,
,,,,,,,,,,,,,,,
,,,,,,,,,,,,,,,
,,,,,,,,,,,,,,,
,,,,,,,,,,,,,,,
,,,,,,,,,,,,,,,
,,,,,,,,,,,,,,,
,,,,,,,,,,,,,,,
,,,,,,,,,,,,,,,
,,,,,,,,,,,,,,,
,,,,,,,,,,,,,,,
,,,,,,,,,,,,,,,
,,,,,,,,,,,,,,,
,,,,,,,,,,,,,,,
,,,,,,,,,,,,,,,
,,,,,,,,,,,,,,,
,,,,,,,,,,,,,,,
,,,,,,,,,,,,,,,
,,,,,,,,,,,,,,,
,,,,,,,,,,,,,,,
,,,,,,,,,,,,,,,
,,,,,,,,,,,,,,,
,,,,,,,,,,,,,,,
,,,,,,,,,,,,,,,
,,,,,,,,,,,,,,,
,,,,,,,,,,,,,,,
,,,,,,,,,,,,,,,
,,,,,,,,,,,,,,,
,,,,,,,,,,,,,,,
,,,,,,,,,,,,,,,
,,,,,,,,,,,,,,,
,,,,,,,,,,,,,,,
,,,,,,,,,,,,,,,
,,,,,,,,,,,,,,,
,,,,,,,,,,,,,,,
,,,,,,,,,,,,,,,
,,,,,,,,,,,,,,,
,,,,,,,,,,,,,,,
,,,,,,,,,,,,,,,
,,,,,,,,,,,,,,,
,,,,,,,,,,,,,,,
,,,,,,,,,,,,,,,
,,,,,,,,,,,,,,,
,,,,,,,,,,,,,,,
,,,,,,,,,,,,,,,
,,,,,,,,,,,,,,,
,,,,,,,,,,,,,,,
,,,,,,,,,,,,,,,
,,,,,,,,,,,,,,,
,,,,,,,,,,,,,,,
,,,,,,,,,,,,,,,
,,,,,,,,,,,,,,,
,,,,,,,,,,,,,,,
,,,,,,,,,,,,,,,
,,,,,,,,,,,,,,,
,,,,,,,,,,,,,,,
,,,,,,,,,,,,,,,
,,,,,,,,,,,,,,,
,,,,,,,,,,,,,,,
,,,,,,,,,,,,,,,
,,,,,,,,,,,,,,,
,,,,,,,,,,,,,,,
,,,,,,,,,,,,,,,
,,,,,,,,,,,,,,,
,,,,,,,,,,,,,,,
,,,,,,,,,,,,,,,
,,,,,,,,,,,,,,,
,,,,,,,,,,,,,,,
,,,,,,,,,,,,,,,
,,,,,,,,,,,,,,,
,,,,,,,,,,,,,,,
,,,,,,,,,,,,,,,
,,,,,,,,,,,,,,,
,,,,,,,,,,,,,,,
,,,,,,,,,,,,,,,
,,,,,,,,,,,,,,,
,,,,,,,,,,,,,,,
,,,,,,,,,,,,,,,
,,,,,,,,,,,,,,,
,,,,,,,,,,,,,,,
,,,,,,,,,,,,,,,
,,,,,,,,,,,,,,,
,,,,,,,,,,,,,,,
,,,,,,,,,,,,,,,
,,,,,,,,,,,,,,,
,,,,,,,,,,,,,,,
,,,,,,,,,,,,,,,
,,,,,,,,,,,,,,,
,,,,,,,,,,,,,,,
,,,,,,,,,,,,,,,
,,,,,,,,,,,,,,,
